{"cameraMode":{"drawMode":0,"name":"Shaded","section":"Shading Mode"},"sceneLighting":true,"audioPlay":false,"sceneViewState":{"showFog":true,"showMaterialUpdate":false,"showSkybox":true,"showFlares":true,"showImageEffects":true,"showParticleSystems":true},"in2DMode":false,"pivot":{"x":28.92157554626465,"y":-13.670862197875977,"z":38.660377502441409},"rotation":{"x":-0.24344411492347718,"y":-0.27253398299217226,"z":0.07148030400276184,"w":-0.9281545877456665},"size":37.8463249206543,"orthographic":false}