{"cameraMode":{"drawMode":0,"name":"Shaded","section":"Shading Mode"},"sceneLighting":true,"audioPlay":false,"sceneViewState":{"showFog":true,"showMaterialUpdate":false,"showSkybox":true,"showFlares":true,"showImageEffects":true,"showParticleSystems":true},"in2DMode":false,"pivot":{"x":43.329261779785159,"y":16.140544891357423,"z":20.91442108154297},"rotation":{"x":-0.2592203617095947,"y":-0.1436542123556137,"z":0.03896015137434006,"w":-0.9543612599372864},"size":52.182010650634769,"orthographic":false}